record_id,geo_market,reporting_segment,category,sub_category,brand_name,parent_brand,est_annual_net_sales_usd_mm,sales_estimate_method,pct_sales_instore,pct_sales_online,top_retailers_ranked,est_retailer_spend_usd_mm,est_marketing_spend_usd_mm,marketing_spend_pct_of_sales,share_of_market_pct,share_of_category_pct,brand_assets_url,marketing_themes,brand_sentiment_today,q4_focus_defend_or_win,innovation_areas,source_type,confidence,primary_sources,date_collected
CL-PALMOLIVE-CA,Canada,"Oral, Personal and Home Care",Home Care,Dish Liquid,Palmolive,,28.0,reported_division -> country_split -> category_weight -> allocate_category,86.7,13.3,Walmart Canada|Well.ca|Loblaw banners,14.0|7.0|7.0,3.7,13.1,4.17,24.84,https://www.palmolive.com/en-ca,Grease-cutting dish efficacy carried on the Canadian brand site.,Reliable value staple at CAD $4.99-$5.79 with no adverse Canadian coverage found.,Win: convenience-format dish innovation follows the US E-Z Pump launch.,Palmolive Dish E-Z Pump dispensing format.,Mixed,Low,https://well.ca/brand/palmolive.html|https://www.palmolive.com/en-ca|https://investor.colgatepalmolive.com/static-files/243eca3f-093a-45e8-966a-6929c7673653,2026-08-31
CL-ARCTIC-POWER-CA,Canada,"Oral, Personal and Home Care",Home Care,Laundry Detergent,Arctic Power,,24.7,reported_division -> country_split -> category_weight -> allocate_category,86.7,13.3,Walmart Canada|Canadian Tire,16.0|8.6,2.7,11.1,3.67,21.85,https://www.colgatepalmolive.ca/en-ca,"Cold-water washing performance and energy saving, merchandised around 88-load value packs.","Well regarded in Canada - flagged ""Top Rated"" at Canadian Tire with a 49-review base and 4.1-5.0 ratings at Walmart Canada.",Defend: Canada-only laundry franchise inside the North America division agenda.,n.a. - no brand-specific 2026 disclosure found.,Mixed,Low,https://www.walmart.ca/en/c/brand/arctic-power|https://www.canadiantire.ca/en/pdp/arctic-power-cold-water-liquid-laundry-detergent-assorted-scents-88-load-3-96-l-1531554p.html,2026-08-31
CL-FABULOSO-CA,Canada,"Oral, Personal and Home Care",Home Care,Surface & Multi-Purpose Cleaners,Fabuloso,,21.0,reported_division -> country_split -> category_weight -> allocate_category,86.7,13.3,Walmart Canada|Real Canadian Superstore,12.6|8.4,3.3,15.9,3.13,18.6,https://www.fabuloso.com/en-us,"Scent-led multi-purpose cleaning; the ""Make Your World More Fabuloso"" platform runs across North America in 2026.",Positive at retail but the 2023 Health Canada recall of the Lavender 1.65L SKU remains the notable Canadian event.,"Win: push form and scent extensions, a named 2026 growth driver.","Fabuloso 3-in-1 Clean Spray, Watermelon and Ultra Frescura liquids.",Mixed,Low,https://www.walmart.ca/en/c/brand/fabuloso|https://recalls-rappels.canada.ca/en/alert-recall/fabuloso-multi-purpose-cleaner-lavender-scent-165l-recalled-due-potential-microbial|https://screenmag.com/vml-and-colgate-palmolive-launch-make-your-world-more-fabuloso-for-fabuloso/,2026-08-31
CL-FLEECY-CA,Canada,"Oral, Personal and Home Care",Home Care,Fabric Softener,Fleecy,,15.3,reported_division -> country_split -> category_weight -> allocate_category,86.7,13.3,Walmart Canada,15.3,1.3,8.3,2.28,13.57,https://www.colgatepalmolive.ca/en-ca/local-brands/fleecy/products,Softness and static control in a value fabric-care line.,Everyday value brand with routine Walmart Canada availability at CAD $5.97-$12.97; no adverse coverage found.,Defend: Canada-only value fabric-care franchise.,n.a. - no 2026 brand-specific disclosure found.,Mixed,Low,https://www.walmart.ca/fr/c/brand/fleecy|https://www.colgatepalmolive.ca/en-ca/local-brands/fleecy/products,2026-08-31
CL-SUAVITEL-CA,Canada,"Oral, Personal and Home Care",Home Care,Fabric Softener,Suavitel,,10.6,reported_division -> country_split -> category_weight -> allocate_category,86.7,13.3,Walmart Canada,10.6,1.3,12.5,1.57,9.37,https://www.walmart.ca/en/c/brand/suavitel,Fragrance-led fabric conditioning in a compact six-SKU Canadian range.,Consistently well rated - 4.63-4.84 across four rated SKUs on walmart.ca.,Win: Suavitel Complete fabric refresher spray is a named 2026 innovation.,Suavitel Complete fabric refresher spray.,Mixed,Low,https://www.walmart.ca/en/c/brand/suavitel|https://investor.colgatepalmolive.com/static-files/ca92df4c-8d85-4df1-bf67-c2b76b8b36fe,2026-08-31
CL-AJAX-CA,Canada,"Oral, Personal and Home Care",Home Care,Surface & Multi-Purpose Cleaners,Ajax,,7.6,reported_division -> country_split -> category_weight -> allocate_category,86.7,13.3,Walmart Canada|Amazon.ca,4.9|2.7,0.5,6.9,1.13,6.72,https://www.walmart.ca/en/c/brand/ajax,"Functional value cleaning across multi-purpose, bleach-alternative and super-degreaser SKUs at CAD $7.99.",Low-visibility value brand - no ratings displayed on the Walmart Canada brand page and no trade coverage found.,Defend: hold value shelf space.,n.a. - no 2026 Ajax-specific innovation named.,Mixed,Low,https://www.walmart.ca/en/c/brand/ajax|https://www.amazon.ca/Ajax-Powder-Cleanser-Bleach-Pack/dp/B0151WUFR4,2026-08-31
CL-MURPHY-OIL-SOAP-CA,Canada,"Oral, Personal and Home Care",Home Care,Wood & Specialty Care,Murphy Oil Soap,,5.7,reported_division -> country_split -> category_weight -> allocate_category,86.7,13.3,Home Depot Canada|Amazon.ca|Uline.ca|Loblaw banners,2.0|1.4|1.1|1.1,0.3,5.5,0.85,5.04,https://www.homedepot.ca/product/murphy-oil-soap-liquid-original-950ml/1000753060,Gentle wood-care efficacy - cleans to a natural shine without leaving a dulling residue.,"Stable specialist utility brand across hardware, grocery and B2B channels; retailer pages display no ratings.",Defend: maintain specialty and B2B distribution.,n.a. - no 2026 activity found.,Mixed,Low,https://www.homedepot.ca/product/murphy-oil-soap-liquid-original-950ml/1000753060|https://www.uline.ca/Product/Detail/S-25448/Floor-and-Carpet-Cleaners/Murphy-Oil-Soap-4-3-L|https://www.amazon.ca/Murphy-Original-Formula-Liquid-Murphys/dp/B0145NIIH4,2026-08-31
CL-COLGATE-CA,Canada,"Oral, Personal and Home Care",Oral Care,Toothpaste,Colgate,,158.1,reported_division -> country_split -> category_weight -> allocate_category,82.8,17.2,Walmart Canada|Shoppers Drug Mart|Amazon.ca|Well.ca,63.2|39.5|34.8|20.5,27.3,17.3,23.53,93.38,https://www.colgate.com/en-ca,Canadian site leads on Optic White Renewal enamel-nourishing whitening and Total Active Prevention cavity/gingivitis messaging.,"Positive at retail (4.5-4.7 stars on walmart.ca across up to 2,392 reviews), though the Canadian Trustpilot page carries formula and efficacy complaints.","Defend: same North America agenda as the US, including CDA-validated Total Whitening claims in market.",Optic White Renewal and Total relaunch claims validated by the Canadian Dental Association seal programme.,Mixed,Medium,https://www.walmart.ca/en/c/brand/colgate|https://www.colgate.com/en-ca|https://www.cda-adc.ca/EN/oral_health/seal/products/product_page.asp?product=301,2026-08-31
CL-COLGATE-TOTAL-CA,Canada,"Oral, Personal and Home Care",Oral Care,Toothpaste,Colgate Total,Colgate,25.0,sub_brand_split_within_master (component of the Colgate master row; not additive),82.8,17.2,Walmart Canada|Shoppers Drug Mart|Amazon.ca,11.3|7.5|6.3,4.9,19.5,3.73,14.78,https://www.colgate.com/en-ca/colgate-total,"""Patented preventative technology"" fighting bacteria on teeth, tongue, cheeks and gums, with CDA-validated whitening claims.","Carries the same reformulation overhang as the US line, with formula and efficacy complaints on the Canadian Trustpilot page.",Defend: rebuild share after the reformulation and complete distribution of the relaunched Total.,Relaunched Total formula with CDA-validated Total Whitening claims.,Modeled,Medium,https://www.colgate.com/en-ca/colgate-total|https://www.cda-adc.ca/EN/oral_health/seal/products/product_page.asp?product=301|https://ca.trustpilot.com/review/colgate.com,2026-08-31
CL-COLGATE-OPTIC-WHITE-CA,Canada,"Oral, Personal and Home Care",Oral Care,Whitening,Colgate Optic White,Colgate,24.4,sub_brand_split_within_master (component of the Colgate master row; not additive),82.8,17.2,Walmart Canada|Shoppers Drug Mart|Amazon.ca,11.0|7.3|6.1,4.9,20.2,3.63,14.42,https://www.colgate.com/en-ca/optic-white,"Premium whitening ladder - ""removes 15 years of stains in just 1 week"" across toothpaste, mouthwash, brushes and at-home treatments.",Claim-led and well merchandised in Canada; no adverse Canadian coverage found beyond general direct-brand complaints.,Win: scale the premium whitening ladder in North America.,Optic White Pro Series with ActivShine and the Purple line rollout.,Modeled,Low,https://www.colgate.com/en-ca/optic-white|https://investor.colgatepalmolive.com/static-files/ca92df4c-8d85-4df1-bf67-c2b76b8b36fe,2026-08-31
CL-COLGATE-SENSITIVE-PRO-RELIEF-CA,Canada,"Oral, Personal and Home Care",Oral Care,Toothpaste,Colgate Sensitive Pro-Relief,Colgate,12.6,sub_brand_split_within_master (component of the Colgate master row; not additive),82.8,17.2,Well.ca|Walmart Canada|Shoppers Drug Mart,4.4|5.0|3.1,2.0,15.6,1.87,7.43,https://www.colgate.com/en-ca/sensitive-pro-relief,Clinically framed instant and lasting sensitivity relief with a Canadian Dental Association seal listing.,Well regarded and CDA-validated; sold at CAD $6.99 through Well.ca and mass retail.,Win: premium therapeutic tier within the 2026/2027 North America innovation slate.,Pro-Relief sensitivity technology line extensions.,Modeled,Medium,https://well.ca/products/colgate-sensitive-pro-relief_131500.html|https://www.cda-adc.ca/EN/oral_health/seal/products/product_page.asp?product=234|https://www.colgate.com/en-ca/sensitive-pro-relief,2026-08-31
CL-COLGATE-MAX-FRESH-CA,Canada,"Oral, Personal and Home Care",Oral Care,Toothpaste,Colgate Max Fresh,Colgate,11.0,sub_brand_split_within_master (component of the Colgate master row; not additive),82.8,17.2,Walmart Canada|Amazon.ca,6.6|4.4,1.5,13.2,1.64,6.51,https://www.colgate.com/en-ca/colgate-max-fresh,"""10X longer-lasting cool"" Ultrafreeze technology with mini breath strips across Clean Mint, Cool Mint and Knockout.",Mainstream freshness workhorse with routine availability and no adverse Canadian coverage found.,Defend: value-tier freshness defence inside the North America price-gap plan.,Ultrafreeze breath-strip formats.,Modeled,Low,https://www.colgate.com/en-ca/colgate-max-fresh|https://www.amazon.ca/Colgate-MaxFresh-Toothpaste-Breath-Strips/dp/B07KF6C2M9,2026-08-31
CL-TOMS-OF-MAINE-CA,Canada,"Oral, Personal and Home Care",Oral Care,Toothpaste,Tom's of Maine,,7.0,reported_division -> country_split -> category_weight -> allocate_category,82.8,17.2,Walmart Canada|Well.ca,4.9|2.1,0.9,12.5,1.05,4.16,https://www.tomsofmaine.ca/en-ca,Purpose-led naturals positioning; the Canadian site states the brand donates 10% of profits.,Steady niche naturals presence at CAD $5.97-$11.97 on walmart.ca with no adverse coverage found.,Win: naturals credibility and efficacy proof in whitening and deodorant.,WHITEN+ natural whitening and natural deodorant efficacy upgrades carried over from the US line.,Mixed,Low,https://www.walmart.ca/en/c/brand/tom-s-of-maine|https://www.tomsofmaine.ca/en-ca,2026-08-31
CL-COLGATE-PERIOGARD-CA,Canada,"Oral, Personal and Home Care",Oral Care,Professional & Therapeutic,Colgate PerioGard,Colgate,5.7,sub_brand_split_within_master (component of the Colgate master row; not additive),82.8,17.2,Walmart Canada|Pharmacy|Dental professional channel,2.3|2.0|1.4,0.6,10.9,0.85,3.35,https://www.colgate.com/en-ca/periogard,Gum-health efficacy - claims of significant reduction in gum bleeding and inflammation across PerioGard and PerioGardSF.,Professional endorsement carries the brand; consumer sentiment base is thin in Canada.,Win: PerioGard was launched through the profession and moves through distribution during 2026.,PerioGard / PerioGardSF gum-health toothpaste and rinse.,Modeled,Low,https://www.colgate.com/en-ca/periogard|https://www.fool.com/earnings/call-transcripts/2026/01/30/colgate-palmolive-cl-q4-2025-earnings-transcript/,2026-08-31
CL-HELLO-CA,Canada,"Oral, Personal and Home Care",Oral Care,Toothpaste,hello,,4.2,reported_division -> country_split -> category_weight -> allocate_category,82.8,17.2,Walmart Canada|Shoppers Drug Mart|Amazon.ca,1.9|1.5|0.8,0.7,15.9,0.62,2.46,https://www.hello-products.com/,"""Everyday Yay"" brought to Canada with the June 2025 launch of dragon dazzle kids toothpaste and sunny daze deodorant.",New-entrant buzz rather than an established base - launched June 4 2025 and live at Walmart Canada at CAD $5.97-$9.98.,Win: build Canadian distribution behind the launch assortment and Whipped toothpaste.,Whipped toothpaste texture innovation and fluoride-free/naturals formats.,Mixed,Low,https://www.newswire.ca/news-releases/hello-r-brings-everyday-yay-to-daily-routines-across-canada-with-two-new-launches-847409254.html|https://www.walmart.ca/en/c/brand/hello,2026-08-31
CL-COLGATE-OPTIC-WHITE-RENEWAL-CA,Canada,"Oral, Personal and Home Care",Oral Care,Whitening,Colgate Optic White Renewal,Colgate,3.9,sub_brand_split_within_master (component of the Colgate master row; not additive),82.8,17.2,Walmart Canada|colgate.com/en-ca,2.5|1.4,0.6,15.6,0.58,2.3,https://www.colgate.com/en-ca/products/toothpaste/ow-renewal,Enamel nourishment plus deep whitening; 3% hydrogen peroxide pens delivering 35 nightly treatments.,"Active and supported in Canada even though the standalone US Renewal line has been withdrawn, so Canadian equity is intact.",Win: premium whitening trade-up in Canada.,Optic White Renewal pens and enamel-nourishing whitening formats.,Modeled,Low,https://www.colgate.com/en-ca/products/toothpaste/ow-renewal|https://www.walmart.ca/en/c/brand/colgate,2026-08-31
CL-COLGATE-PREVIDENT-CA,Canada,"Oral, Personal and Home Care",Oral Care,Professional & Therapeutic,Colgate PreviDent,Colgate,1.9,sub_brand_split_within_master (component of the Colgate master row; not additive),82.8,17.2,Dental professional channel|Pharmacy (Rx),1.2|0.8,0.2,9.3,0.29,1.13,https://www.colgateprofessional.ca/en-ca/products/products-list/colgate-prevident-5000-plus-rx-only,Clinical evidence messaging - root-caries remineralization of 38% at 3 months and 57% at 6 months.,Professional-channel credibility; Rx-gated with no consumer review base.,Win: build the professional channel through dental distribution in 2026.,PreviDent 5000 Plus and 5000 Sensitive Rx line.,Modeled,Low,https://www.colgateprofessional.ca/en-ca/products/products-list/colgate-prevident-5000-plus-rx-only|https://www.colgate.com/en-ca/products/prescription-only-products/colgate-prevident-plus,2026-08-31
CL-SOFTSOAP-CA,Canada,"Oral, Personal and Home Care",Personal Care,Liquid Hand Soap,Softsoap,,26.9,reported_division -> country_split -> category_weight -> allocate_category,79.7,20.3,Walmart Canada|Shoppers Drug Mart|Well.ca,14.8|6.7|5.4,3.4,12.5,4.01,37.65,https://www.softsoap.com/en-us,Sustainability and plastic reduction - tablet foaming hand soap and refillable aluminium bottles.,Stable mass performer at CAD $4.28-$10.28 with no adverse Canadian coverage found.,Defend: sustainable-format refills and mass distribution.,Tablet-based foaming hand soap and refillable aluminium packaging.,Mixed,Low,https://www.walmart.ca/en/c/brand/softsoap|https://www.colgatepalmolive.ca/en-ca,2026-08-31
CL-IRISH-SPRING-CA,Canada,"Oral, Personal and Home Care",Personal Care,Bar Soap,Irish Spring,,18.1,reported_division -> country_split -> category_weight -> allocate_category,79.7,20.3,Walmart Canada|Shoppers Drug Mart,11.8|6.3,2.8,15.2,2.69,25.32,https://www.colgatepalmolive.ca/en-ca,"Relaunched formulas, fragrances, logo and packaging carried into Canada behind the brand's first Super Bowl ad.","Very strong in Canada - individual SKUs carry up to 4,736 reviews on walmart.ca.",Win: sustain the relaunched range and elevated media presence.,Reformulated bars and body washes with a new fragrance range.,Mixed,Low,https://www.walmart.ca/fr/c/brand/irish-spring|https://www.adweek.com/brand-marketing/irish-spring-first-super-bowl-ad/,2026-08-31
CL-SPEED-STICK-CA,Canada,"Oral, Personal and Home Care",Personal Care,Antiperspirant & Deodorant,Speed Stick,,16.2,reported_division -> country_split -> category_weight -> allocate_category,79.7,20.3,Walmart Canada|Well.ca|Shoppers Drug Mart,8.1|4.0|4.0,1.9,11.8,2.41,22.61,https://www.colgatepalmolive.ca/en-ca/local-brands/speed-stick/products,Value/performance men's deodorant positioning carried on Colgate's Canadian local-brand pages.,Everyday value staple at CAD $5.99-$13.49 on Well.ca with no adverse Canadian coverage found.,Defend: hold mass deodorant shelf and price gaps.,n.a. - no Canadian innovation disclosed in fetched sources.,Mixed,Low,https://well.ca/brand/speed-stick.html|https://www.colgatepalmolive.ca/en-ca/local-brands/speed-stick/products,2026-08-31
CL-LADY-SPEED-STICK-CA,Canada,"Oral, Personal and Home Care",Personal Care,Antiperspirant & Deodorant,Lady Speed Stick,,10.1,reported_division -> country_split -> category_weight -> allocate_category,79.7,20.3,Walmart Canada,10.1,0.8,8.3,1.5,14.14,https://www.colgatepalmolive.ca/en-ca,Value women's deodorant line maintained without a dedicated 2025-2026 campaign.,Priced from CAD $3.77 with routine Walmart Canada availability and no adverse coverage found.,Defend: value shelf maintenance.,n.a.,Mixed,Low,https://www.walmart.ca/en/c/brand/lady-speed-stick,2026-08-31
CL-SKIN-BRACER-CA,Canada,"Oral, Personal and Home Care",Personal Care,Shaving & Grooming,Skin Bracer,,0.2,reported_division -> country_split -> category_weight -> allocate_category,79.7,20.3,Amazon.ca|Independent grocery,0.1|0.1,0.0,4.2,0.03,0.29,https://www.amazon.ca/Mennen-Skin-Bracer-5-oz/dp/B003YTBOJU,Classic heritage aftershave with no active campaign found.,Loyal nostalgic base - 4.7/5 across 804 ratings for a multipack on Amazon.ca - but distribution is patchy.,Defend: harvest heritage distribution.,n.a.,Mixed,Low,https://www.amazon.ca/Mennen-Skin-Bracer-5-oz/dp/B003YTBOJU|https://a1grocery.ca/product/skin-bracer-original-after-shave-100ml/,2026-08-31
CL-HILLS-SCIENCE-DIET-CA,Canada,Pet Nutrition,Pet Nutrition,Dry Dog Food,Hill's Science Diet,Hill's Pet Nutrition,172.6,reported_segment -> hills_na_share -> country_split -> allocate_category,70.4,29.6,PetSmart Canada|Veterinary clinics|Amazon.ca,77.7|60.4|34.5,26.3,15.2,25.69,58.39,https://www.hillspet.com/,"""Science is the difference"" science-led everyday wellness nutrition carried through pet specialty and vets.",Vet-endorsed but exposed to the same consumer ingredient criticism as the US line.,Defend: reverse the Science Diet dog slowdown seen globally in Q2 2026.,Science Diet refrigerated single-protein rolls follow the US pet-specialty launch.,Mixed,Low,https://www.petsmart.ca/featured-brands/hills-science-diet|https://finance.yahoo.com/quote/CL/earnings/CL-Q2-2026-earnings_call-659046.html,2026-08-31
CL-HILLS-PRESCRIPTION-DIET-CA,Canada,Pet Nutrition,Pet Nutrition,Therapeutic & Prescription Diets,Hill's Prescription Diet,Hill's Pet Nutrition,123.0,reported_segment -> hills_na_share -> country_split -> allocate_category,70.4,29.6,PetSmart Canada|Veterinary clinics,55.4|67.7,17.9,14.5,18.31,41.61,https://www.hillspet.com/prescription-diet,Clinical-outcome messaging to vets and pet parents; 92 cat therapeutic SKUs listed at PetSmart Canada.,Professionally trusted and the growth engine within Hill's; consumer criticism of Hill's ingredients carries across.,Win: extend therapeutic momentum and vet-channel advocacy.,k/d + Derm Complete for dogs and k/d + z/d Hydrolyzed for cats.,Mixed,Low,https://www.petsmart.ca/cat/food-and-treats/veterinary-diets/hills-prescription-diet/f/brand/hill's%20science%20diet|https://www.myvetcandy.com/news/2026/6/9/hills-pet-nutrition-introduces-new-therapeutic-diets-for-pets-with-kidney-disease-and-sensitivities,2026-08-31
CL-ELTAMD-CA,Canada,"Oral, Personal and Home Care",Skin Care,Sun Care & SPF,EltaMD,,9.1,reported_division -> country_split -> category_weight -> allocate_category,62.6,37.4,Amazon.ca|WeDoSkin|Professional channel,4.5|2.3|2.3,1.3,14.5,1.35,40.14,https://eltamd.com/,Dermatologist-recommended professional sunscreen positioning carried through authorized Canadian resellers.,"Very strong - UV Clear carries 42,034 reviews and is stocked and sold directly by Amazon.ca at CAD $68-$82.",Win: clinical-proof storytelling behind UV Clear efficacy data.,Acne/oil-control efficacy claims for UV Clear; professional-channel expansion.,Mixed,Low,https://www.amazon.ca/EltaMD-Broad-Spectrum-Acne-Prone-Dermatologist-Recommended-Mineral-Based/dp/B002MSN3QQ|https://wedoskin.ca/collections/elta-md,2026-08-31
CL-FILORGA-CA,Canada,"Oral, Personal and Home Care",Skin Care,Serums & Treatments,Filorga,,8.7,reported_division -> country_split -> category_weight -> allocate_category,62.6,37.4,Walmart Canada|Filorga DTC (ca.filorga.com)|Amazon.ca,3.5|3.1|2.2,1.0,11.1,1.3,38.68,https://ca.filorga.com/shop/,"NCEF-concentrated multi-correcting skincare and antioxidant serums with a ""Radiant & Firm Skin in 10 Days"" claim.",Positive where distributed - 4.6-4.7 stars across 39 products on walmart.ca - and Canada is now the brand's healthy North American market.,Win: Canada is the functioning North American route to market while the US channel is rebuilt.,n.a. - no 2026 North America innovation disclosed.,Mixed,Medium,https://ca.filorga.com/shop/|https://www.walmart.ca/en/c/brand/filorga|https://www.amazon.ca/FILORGA-TIME-FILLER-5XP-GEL-CREAM-Combination/dp/B08B81PYZ2,2026-08-31
CL-PCA-SKIN-CA,Canada,"Oral, Personal and Home Care",Skin Care,Professional & Clinical,PCA SKIN,,4.8,reported_division -> country_split -> category_weight -> allocate_category,62.6,37.4,Walmart Canada|WeDoSkin|Dermacart,1.7|1.7|1.4,0.6,13.1,0.71,21.18,https://www.pcaskin.com/about,Professional/esthetician authority and results-driven medical-grade skincare.,"Positive but thin - 4.36/5 from 11 reviews on walmart.ca, with credibility carried by professional endorsement.",Win: life-stage skin health via MGF Age Renewal Cream.,Menopause/estrogen-depleted skin (MGF Age Renewal Cream) and the professional peel portfolio.,Mixed,Medium,https://www.walmart.ca/en/c/brand/pca-skin|https://wedoskin.ca/collections/pca-skin|https://dermacart.ca/collections/pca-skin,2026-08-31
CL-FABULOSO-USA,USA,"Oral, Personal and Home Care",Home Care,Surface & Multi-Purpose Cleaners,Fabuloso,,358.8,reported_division -> country_split -> category_weight -> allocate_category,83.0,17.0,Walmart|Dollar General|Family Dollar|Amazon|Sam's Club,136.3|64.6|53.8|57.4|46.6,58.1,16.2,5.48,39.11,https://www.fabuloso.com/en-us,"""Make Your World More Fabuloso"" 2026 platform plus ""Dramatically Clean"" telenovela creative on Hulu targeting Hispanic households.","The portfolio's strongest home-care sentiment (4.5-4.8 stars, up to 17,498 reviews), with a residual overhang from the 2023 recall of ~4.9M units.","Win: push form and scent extensions, which management cites as a 2026 growth driver.","Fabuloso 3-in-1 Clean Spray, Watermelon and Ultra Frescura liquids, Fabuloso 2X concentrate.",Mixed,Medium,https://www.walmart.com/brand/fabuloso/10017747|https://screenmag.com/vml-and-colgate-palmolive-launch-make-your-world-more-fabuloso-for-fabuloso/|https://www.colgatepalmolive.com/en-us/news/fabuloso-2x-leads-the-way-with-efficacy-and-sustainability|https://www.cpsc.gov/Recalls/2023/Colgate-Palmolive-Recalls-Fabuloso-Multi-Purpose-Cleaners-Due-to-Risk-of-Exposure-to-Bacteria,2026-08-31
CL-PALMOLIVE-USA,USA,"Oral, Personal and Home Care",Home Care,Dish Liquid,Palmolive,,288.4,reported_division -> country_split -> category_weight -> allocate_category,83.0,17.0,Walmart|Kroger|Amazon|Target,115.4|69.2|57.7|46.1,37.4,13.0,4.4,31.44,https://www.palmolive.com/en-us,"Grease-cutting efficacy - ""Removes up to 99.9% of Grease"".","Reliable mass performer with very deep review bases (up to 9,026 reviews) and ratings of 3.8-5.0.",Win: convenience-format dish innovation - Palmolive Dish E-Z Pump was a named Q1 2026 division launch.,Palmolive Dish E-Z Pump dispensing format.,Mixed,Medium,https://www.walmart.com/browse/household-essentials/palmolive/1115193_1071966_7583868_1661720_1332555|https://www.palmolive.com/en-us|https://investor.colgatepalmolive.com/static-files/243eca3f-093a-45e8-966a-6929c7673653,2026-08-31
CL-SUAVITEL-USA,USA,"Oral, Personal and Home Care",Home Care,Fabric Softener,Suavitel,,189.8,reported_division -> country_split -> category_weight -> allocate_category,83.0,17.0,Walmart|Kroger|Amazon,94.9|51.3|43.7,27.0,14.2,2.9,20.7,https://www.suavitel.com/en-us,Fragrance-led fabric care with historically strong appeal in Hispanic households.,Consistently well rated - 4.5-4.8 stars in the US.,Win: Suavitel Complete fabric refresher spray is a named 2026 innovation.,Suavitel Complete fabric refresher spray; scent-led line extensions.,Mixed,Medium,https://www.walmart.com/brand/suavitel/10002990|https://investor.colgatepalmolive.com/static-files/ca92df4c-8d85-4df1-bf67-c2b76b8b36fe|https://investor.colgatepalmolive.com/news-releases/news-release-details/colgate-palmolive-introduces-new-innovation-ironing-aid-category,2026-08-31
CL-AJAX-USA,USA,"Oral, Personal and Home Care",Home Care,Surface & Multi-Purpose Cleaners,Ajax,,47.1,reported_division -> country_split -> category_weight -> allocate_category,83.0,17.0,Kroger banners|Walmart,25.9|21.2,3.1,6.5,0.72,5.14,https://www.ajax.com/en-us/products,Functional value cleaning across bleach-alternative and degreaser variants.,"Low-visibility value brand - no ratings displayed on retailer brand pages and no trade coverage found, indicating minimal support.",Defend: hold value shelf space; home-care innovation is concentrated on Fabuloso and Suavitel.,n.a. - no 2026 Ajax-specific innovation named in earnings materials.,Mixed,Low,https://www.ajax.com/en-us/products|https://www.foodsco.net/p/axion-foaming-action-citrus-liquid-dish-soap/0003500098900,2026-08-31
CL-MURPHY-OIL-SOAP-USA,USA,"Oral, Personal and Home Care",Home Care,Wood & Specialty Care,Murphy Oil Soap,,32.0,reported_division -> country_split -> category_weight -> allocate_category,83.0,17.0,Kroger|Walmart|Amazon,12.8|11.2|8.0,1.9,5.8,0.49,3.49,https://www.colgatepalmolive.com/en-us,"Gentle wood-care efficacy - ""safely cleans finished wood"" to a natural shine without dulling residue.","Stable specialist utility brand with grocery, hardware and B2B distribution; retailer pages show no ratings so sentiment evidence is thin.",Defend: maintain specialty distribution; no 2026 activity found.,n.a. - no 2026 activity found in earnings or trade sources.,Mixed,Low,https://www.kroger.com/p/murphy-oil-soap-wood-cleaner-original/0007048101102|https://www.colgatepalmolive.com/en-us,2026-08-31
CL-AXION-USA,USA,"Oral, Personal and Home Care",Home Care,Dish Liquid,Axion,,1.1,reported_division -> country_split -> category_weight -> allocate_category,83.0,17.0,Kroger banners (Foods Co),1.1,0.0,2.6,0.02,0.12,https://www.colgatepalmolive.com/en-us,"Grease-cutting value positioning (""El Verdadero Arrancagrasa"") aimed at Hispanic shoppers.",Minimal US footprint and import pricing distortions mean there is no meaningful US sentiment base.,Defend: niche Hispanic-grocery distribution only; core markets are Latin America.,n.a. for North America.,Mixed,Low,https://www.foodsco.net/p/axion-foaming-action-citrus-liquid-dish-soap/0003500098900|https://www.walmart.com/ip/AXION-Authentic-Dish-Soap-Lemon-Lime-Scent-450g-Imported-from-Colombia/14820152528,2026-08-31
CL-COLGATE-USA,USA,"Oral, Personal and Home Care",Oral Care,Toothpaste,Colgate,,1359.2,reported_division -> country_split -> category_weight -> allocate_category,78.0,22.0,Walmart|Target|Amazon|CVS|Colgate DTC,462.1|299.0|244.7|217.5|135.9,228.9,16.8,20.75,31.9,https://www.colgate.com/en-us,"Master platform ""Healthy smiles start here"" plus the March 2026 ""Your Smile Is Your Strength"" campaign across social, YouTube and TikTok.","Retail sentiment is solid (4.5-4.7 stars at mass), but direct-brand sentiment is weak: colgate.com holds a 1.4 Trustpilot rating on reformulation and availability complaints.",Defend: hold US toothpaste share after the slide to 31.9% YTD via price-gap management and stepped-up advertising.,"Optic White Pro Series with ActivShine, Maximum Cavity Protection and Triple Action relaunches, PerioGard professional launch, licensed kids line.",Reported,High,https://investor.colgatepalmolive.com/static-files/c4a7e20c-1aa8-4bb1-bd4b-74755c99688f|https://investor.colgatepalmolive.com/static-files/ca92df4c-8d85-4df1-bf67-c2b76b8b36fe|https://investor.colgatepalmolive.com/news-releases/news-release-details/colgate-announces-2nd-quarter-2026-results|https://www.trustpilot.com/review/colgate.com|https://www.morningstar.com/news/pr-newswire/20260319ny14123/in-an-age-of-pressure-colgate-reminds-a-generation-your-smile-is-your-strength-in-new-campaign,2026-08-31
CL-COLGATE-TOTAL-USA,USA,"Oral, Personal and Home Care",Oral Care,Toothpaste,Colgate Total,Colgate,253.8,sub_brand_split_within_master (component of the Colgate master row; not additive),78.0,22.0,Walmart|Target|Amazon|CVS,88.8|63.5|55.8|45.7,46.1,18.2,3.87,14.72,https://www.colgate.com/en-us,"""Patented preventative technology"" whole-mouth bacteria control with clinically proven claims; athlete creative ""One Step Ahead"" with Bijan Robinson.","The most exposed sub-brand in the portfolio: reformulation drove taste, irritation and availability complaints on Reddit and Trustpilot.",Defend: recover share lost to the reformulation and complete distribution of the relaunched Total.,Relaunched Total formula alongside Maximum Cavity Protection and Triple Action in the therapeutic tier.,Modeled,Medium,https://investor.colgatepalmolive.com/static-files/ca92df4c-8d85-4df1-bf67-c2b76b8b36fe|https://finance.yahoo.com/quote/CL/earnings/CL-Q2-2026-earnings_call-659046.html|https://www.reddit.com/r/hygiene/comments/1i24891/colgate_total_formula_changetastes_terrible/|https://www.trustpilot.com/review/colgate.com,2026-08-31
CL-COLGATE-OPTIC-WHITE-USA,USA,"Oral, Personal and Home Care",Oral Care,Whitening,Colgate Optic White,Colgate,238.0,sub_brand_split_within_master (component of the Colgate master row; not additive),78.0,22.0,Walmart|Target|Amazon|CVS,80.9|61.9|52.4|42.8,44.9,18.9,3.63,13.8,https://www.colgate.com/en-us,"""The Science of WOW"" for Pro Series with ActivShine, built with VML across 15s/30s spots and 100+ assets.","Efficacy claims are heavily substantiated (""5X whiter""), though some direct-brand reviewers call whitening products a waste of money.",Win: scale the premium whitening ladder in North America with Pro Series and the global Optic White Purple rollout.,"ActivShine technology at 5% hydrogen peroxide, Optic White Purple, Optic White Vitamin C.",Modeled,Medium,https://www.prnewswire.com/news-releases/colgate-optic-white-unveils-its-most-advanced-whitening-formula-the-new-optic-white-pro-series-toothpaste-302715661.html|https://news.designrush.com/colgate-optic-white-the-science-of-wow-campaign|https://investor.colgatepalmolive.com/static-files/ca92df4c-8d85-4df1-bf67-c2b76b8b36fe|https://finance.yahoo.com/quote/CL/earnings/CL-Q2-2026-earnings_call-659046.html,2026-08-31
CL-TOMS-OF-MAINE-USA,USA,"Oral, Personal and Home Care",Oral Care,Toothpaste,Tom's of Maine,,213.6,reported_division -> country_split -> category_weight -> allocate_category,78.0,22.0,Walmart|Target|Amazon|Tom's DTC,74.8|53.4|53.4|32.0,29.1,13.6,3.26,12.39,https://www.tomsofmaine.com/,"""Our Naturally High Standards"" master positioning plus ""Never Underestimate Nature"" for WHITEN+, built with VML.","Broadly positive at retail (4.0-4.8 stars, review counts to 1,921), with efficacy scepticism about natural formats the theme the 2025 campaign answers.",Win: naturals credibility plus efficacy proof in whitening and deodorant.,WHITEN+ natural whitening toothpaste and natural deodorant efficacy upgrades.,Mixed,Medium,https://www.walmart.com/brand/tomsofmaine/10024560|https://www.tomsofmaine.com/|https://shots.net/news/view/toms-of-maine-says-never-underestimate-nature|https://www.mediapost.com/publications/article/395269/toms-of-maine-spots-aim-to-prove-natural-deodoran.html?edition=133995,2026-08-31
CL-HELLO-USA,USA,"Oral, Personal and Home Care",Oral Care,Toothpaste,hello,,145.5,reported_division -> country_split -> category_weight -> allocate_category,78.0,22.0,Target|Walmart|Amazon,65.5|43.7|36.4,22.6,15.5,2.22,8.44,https://www.hello-products.com/,"""Everyday Yay"" platform with Gen Z ""aura"" positioning (Chandler Kinney as chief aura officer) on Instagram and TikTok.","Culturally buoyant and trade-press-favoured as Colgate's Gen Z play, framed as beauty routine rather than hygiene chore.","Win: scale hello Whipped Toothpaste, a named Q1 2026 North America launch.",Whipped toothpaste texture innovation and fluoride-free/naturals formats.,Mixed,Medium,https://www.target.com/c/toothpaste-oral-care-personal/hello/-/N-5xtzsZ4uey8|https://www.campaignlive.com/article/brushing-teeth-boost-aura-hello-products-betting/1966520|https://www.glossy.co/beauty/glossy-pop-newsletter-inside-hellos-plan-to-make-toothpaste-part-of-gen-zs-beauty-regimen/|https://investor.colgatepalmolive.com/static-files/243eca3f-093a-45e8-966a-6929c7673653,2026-08-31
CL-COLGATE-MAX-FRESH-USA,USA,"Oral, Personal and Home Care",Oral Care,Toothpaste,Colgate Max Fresh,Colgate,106.2,sub_brand_split_within_master (component of the Colgate master row; not additive),78.0,22.0,Walmart|CVS|Amazon,47.8|31.9|26.6,13.4,12.6,1.62,6.16,https://www.colgate.com/en-ca/colgate-max-fresh,"""10X longer-lasting cool"" with Ultrafreeze technology and mini breath strips across Clean Mint, Cool Mint and Knockout.",Mainstream freshness workhorse with routine mass availability and no adverse coverage found in fetched sources.,Defend: value-tier freshness defence inside the North America price-gap plan.,Ultrafreeze breath-strip formats; no dedicated 2026 launch disclosed.,Modeled,Low,https://www.cvs.com/shop/colgate-max-fresh-toothpaste-with-mini-breath-strips-clean-mint-prodid-275748|https://finance.yahoo.com/quote/CL/earnings/CL-Q2-2026-earnings_call-659046.html,2026-08-31
CL-COLGATE-SENSITIVE-USA,USA,"Oral, Personal and Home Care",Oral Care,Toothpaste,Colgate Sensitive,Colgate,65.2,sub_brand_split_within_master (component of the Colgate master row; not additive),78.0,22.0,Target|Walmart|Amazon,26.1|22.8|16.3,9.1,14.0,0.99,3.78,https://www.colgate.com/en-ca/sensitive-pro-relief,Clinically framed instant and lasting sensitivity relief.,"Strongly positive - 4.66/5 from 1,570 Target reviews, the highest-rated Colgate toothpaste SKU set found in the research.",Win: premium therapeutic tier is part of the 2026/2027 innovation slate to be scaled in North America.,Premium therapeutic sensitivity formats.,Modeled,Low,https://www.target.com/p/colgate-sensitive-toothpaste-complete-protection-6oz-2pk/-/A-75563177|https://finance.yahoo.com/quote/CL/earnings/CL-Q2-2026-earnings_call-659046.html,2026-08-31
CL-COLGATE-PREVIDENT-USA,USA,"Oral, Personal and Home Care",Oral Care,Professional & Therapeutic,Colgate PreviDent,Colgate,14.8,sub_brand_split_within_master (component of the Colgate master row; not additive),78.0,22.0,Dental professional channel|Pharmacy (Rx),8.9|5.9,1.2,8.4,0.23,0.86,https://www.colgate.com/en-us/prevident,"Clinical-evidence messaging: ""4x the fluoride"" of OTC products, with root-caries remineralization data.",Professional-channel credibility rather than consumer sentiment; no consumer review base found.,Win: build the professional channel as PerioGard and PreviDent move through dental distribution in 2026.,Professional/Rx portfolio expansion - PreviDent line extensions.,Modeled,Low,https://www.colgate.com/en-us/prevident|https://www.fool.com/earnings/call-transcripts/2026/01/30/colgate-palmolive-cl-q4-2025-earnings-transcript/,2026-08-31
CL-ULTRA-BRITE-USA,USA,"Oral, Personal and Home Care",Oral Care,Whitening,Ultra Brite,,5.9,reported_division -> country_split -> category_weight -> allocate_category,78.0,22.0,Walmart|Amazon,3.6|2.4,0.3,4.5,0.09,0.34,https://www.colgate.com/en-us/products/toothpaste/ub-baking-soda-peroxide-whitening,"Functional value whitening - ""safely and effectively whitens and cleans teeth"" with baking soda and peroxide.","Uneven - Walmart ratings span 3.7 to 5.0, consistent with a low-priced legacy value brand with limited support.",Defend: relevant only as a price-gap/value tier in the US toothpaste defence.,n.a. - no brand-specific 2026 innovation found in earnings or trade sources.,Mixed,Low,https://www.walmart.com/c/kp/ultrabrite-toothpaste|https://www.colgate.com/en-us/products/toothpaste/ub-baking-soda-peroxide-whitening,2026-08-31
CL-COLGATE-PERIOGARD-USA,USA,"Oral, Personal and Home Care",Oral Care,Professional & Therapeutic,Colgate PerioGard,Colgate,2.9,sub_brand_split_within_master (component of the Colgate master row; not additive),78.0,22.0,Dental professional channel|Pharmacy (Rx),1.9|1.0,0.3,9.8,0.04,0.17,https://www.colgateprofessional.com/products/mouthwash/colgate-periogard-rinse,Rx chlorhexidine 0.12% rinse claiming significant reduction in gum bleeding and inflammation.,Professional endorsement drives credibility; no consumer review base exists for the Rx rinse.,Win: PerioGard was launched through the profession and is moving through distribution during 2026.,New professional gum-health launch (PerioGard) named in earnings materials.,Modeled,Low,https://www.colgateprofessional.com/products/mouthwash/colgate-periogard-rinse|https://www.fool.com/earnings/call-transcripts/2026/01/30/colgate-palmolive-cl-q4-2025-earnings-transcript/,2026-08-31
CL-COLGATE-HUM-USA,USA,"Oral, Personal and Home Care",Oral Care,Power Toothbrushes,Colgate hum,Colgate,2.8,sub_brand_split_within_master (component of the Colgate master row; not additive),78.0,22.0,Colgate DTC|Amazon,1.4|1.4,0.2,5.6,0.04,0.16,https://shop.colgate.com/hum-smart-toothbrush-app,"App-connected coaching, ""clinically proven to increase efficacy by 50%"", sonic technology to 30,000 strokes/minute.",Ratings are decent (4.3/5) but replacement heads are sold out and consumers openly ask whether hum is being discontinued.,Defend/harvest: no hum mention in 2026 earnings materials; power emphasis has shifted to manual-brush share and kids battery brushes.,Kids AR/battery brushes rather than premium connected hardware.,Modeled,Low,https://shop.colgate.com/products/hum-adult-smart-toothbrush-replacement-brush-heads|https://www.reddit.com/r/Teethcare/comments/1exr297/is_colgate_hum_being_discontinuedphased_out/,2026-08-31
CL-SOFTSOAP-USA,USA,"Oral, Personal and Home Care",Personal Care,Liquid Hand Soap,Softsoap,,369.4,reported_division -> country_split -> category_weight -> allocate_category,74.0,26.0,Walmart|Target|Amazon,166.2|103.4|99.7,45.5,12.3,5.64,50.34,https://www.softsoap.com/en-us,"Sustainability and plastic reduction - foaming hand soap tablets with a reusable, recyclable aluminium bottle.","Strong and stable - Walmart ratings of 4.4-4.8 across review counts up to 6,575.",Defend: sustainable-format refill systems and mass distribution defence.,Tablet-based foaming hand soap and refillable aluminium packaging.,Mixed,Medium,https://www.walmart.com/brand/softsoap/10021904|https://www.adweek.com/commerce/colgate-palmolives-softsoap-debuts-hand-soap-made-from-tablets/|https://www.globalcosmeticsnews.com/colgate-palmolives-softsoap-looks-to-reduce-plastic-waste-with-the-launch-of-foaming-hand-soap-tablets-and-refillable-recyclable-aluminum-bottle/,2026-08-31
CL-IRISH-SPRING-USA,USA,"Oral, Personal and Home Care",Personal Care,Bar Soap,Irish Spring,,164.8,reported_division -> country_split -> category_weight -> allocate_category,74.0,26.0,Walmart|Target|Amazon,74.1|46.1|44.5,25.6,15.5,2.51,22.45,https://www.colgatepalmolive.com/en-us,"Full brand relaunch - new formulas, fragrances, logo and packaging supported by the brand's first Super Bowl ad with agency Ten6.","Very strong, with individual SKUs carrying up to 4,736 reviews at Walmart Canada and no adverse US coverage found.",Win: sustain the relaunched range and elevated media presence.,Reformulated bars and body washes with new fragrance range.,Mixed,Medium,https://www.adweek.com/brand-marketing/irish-spring-first-super-bowl-ad/|https://www.colgatepalmolive.com/en-us|https://www.walmart.ca/fr/c/brand/irish-spring,2026-08-31
CL-SPEED-STICK-USA,USA,"Oral, Personal and Home Care",Personal Care,Antiperspirant & Deodorant,Speed Stick,,153.1,reported_division -> country_split -> category_weight -> allocate_category,74.0,26.0,Walmart|Target|Amazon,68.9|45.9|38.3,17.9,11.7,2.34,20.87,https://www.speedstick.com/en-us,Value/performance men's deodorant positioning on the brand site; no new 2026 platform disclosed.,"Polarised - the core Walmart SKU holds 4.4/5 from 1,388 ratings while Target SKU ratings range from 1.0 to 4.2.",Defend: personal care in North America sits inside the price-gap and advertising step-up plan.,n.a. - no announced Speed Stick R&D found in fetched sources.,Mixed,Medium,https://www.target.com/c/deodorant-personal-care/speed-stick/-/N-5xtzpZscs3c|https://www.walmart.com/reviews/product/34575424|https://www.speedstick.com/en-us,2026-08-31
CL-LADY-SPEED-STICK-USA,USA,"Oral, Personal and Home Care",Personal Care,Antiperspirant & Deodorant,Lady Speed Stick,,43.9,reported_division -> country_split -> category_weight -> allocate_category,74.0,26.0,Walmart|Target,26.3|17.6,3.4,7.8,0.67,5.98,https://www.speedstick.com/en-us,Maintained as a value women's deodorant line; no dedicated 2025-2026 campaign found.,Low-noise value line with routine mass availability and no adverse coverage found.,Defend: hold shelf and price gaps in mass deodorant.,n.a. - no innovation disclosed in fetched sources.,Mixed,Low,https://www.colgatepalmolive.com/en-us|https://investor.colgatepalmolive.com/static-files/c4a7e20c-1aa8-4bb1-bd4b-74755c99688f,2026-08-31
CL-SKIN-BRACER-USA,USA,"Oral, Personal and Home Care",Personal Care,Shaving & Grooming,Skin Bracer,,2.0,reported_division -> country_split -> category_weight -> allocate_category,74.0,26.0,CVS|Amazon,1.2|0.8,0.1,3.9,0.03,0.27,https://www.cvs.com/shop/skin-bracer-after-shave-original-prodid-280115,Classic heritage aftershave usage messaging; no active campaign found.,"Loyal nostalgic base (4.8/5 at CVS) but shaving forums repeatedly ask whether it has been discontinued, indicating patchy distribution.",Defend: maintain heritage distribution; no company activity found.,n.a. - no innovation found in fetched sources.,Mixed,Low,https://www.cvs.com/shop/skin-bracer-after-shave-original-prodid-280115|https://www.badgerandblade.com/forum/threads/is-mennen-skin-bracer-discontinued.649360/,2026-08-31
CL-AFTA-USA,USA,"Oral, Personal and Home Care",Personal Care,Shaving & Grooming,Afta,,0.6,reported_division -> country_split -> category_weight -> allocate_category,74.0,26.0,Kroger,0.6,0.0,3.2,0.01,0.09,https://www.kroger.com/p/afta-pre-electric-by-mennen-original-scent-shave-lotion/0002220000276,n.a. - legacy tail brand with no marketing activity found in fetched sources.,"Effectively no measurable sentiment - a single retailer review, indicating minimal distribution and support.",Defend: harvest remaining grocery distribution.,n.a.,Mixed,Low,https://www.kroger.com/p/afta-pre-electric-by-mennen-original-scent-shave-lotion/0002220000276,2026-08-31
CL-HILLS-SCIENCE-DIET-USA,USA,Pet Nutrition,Pet Nutrition,Dry Dog Food,Hill's Science Diet,Hill's Pet Nutrition,1688.9,reported_segment -> hills_na_share -> country_split -> allocate_category,62.0,38.0,Chewy|Petco|PetSmart|Amazon|Veterinary clinics,506.7|337.8|304.0|287.1|253.3,251.6,14.9,25.78,58.58,https://www.hillspet.com/,"""Science is the difference"" and Food, Shelter & Love; ""Because You're Only Human"" campaign and Clear The Shelters 2026 sponsorship.",Sharply split - veterinarians endorse it while ConsumerAffairs shows 1.7/5 from 470 reviews with 72% one-star.,Defend: reverse the Science Diet dog decline and execute the phased US fresh-food rollout through the vet channel.,"Science Diet Single Protein refrigerated dog food rolls (chicken, beef, lamb) launched into pet specialty from July 2026.",Mixed,Medium,https://www.chewy.com/brands/hills-science-diet-6899|https://www.hillspet.com/about-us/press-releases/hills-rolls-out-science-diet-refrigerated-dog-food|https://www.consumeraffairs.com/pets/science_diet.html|https://finance.yahoo.com/quote/CL/earnings/CL-Q2-2026-earnings_call-659046.html,2026-08-31
CL-HILLS-PRESCRIPTION-DIET-USA,USA,Pet Nutrition,Pet Nutrition,Therapeutic & Prescription Diets,Hill's Prescription Diet,Hill's Pet Nutrition,1114.8,reported_segment -> hills_na_share -> country_split -> allocate_category,62.0,38.0,Chewy|Veterinary clinics|Petco|Amazon,367.9|334.4|223.0|189.5,158.8,14.2,17.02,38.67,https://www.hillspet.com/prescription-diet,"Clinical-outcome messaging with a 100% satisfaction guarantee; the July 2026 ""Try Again"" campaign targets veterinary professionals.","Professionally trusted and the growth engine within Hill's, though it inherits broader consumer criticism on ingredients and price.",Win: extend therapeutic momentum and vet-channel advocacy.,k/d + Derm Complete for dogs and k/d + z/d Hydrolyzed for cats (June 2026); ONC Care line.,Mixed,Medium,https://www.chewy.com/brands/hills-prescription-diet-6879|https://www.hillspet.com/prescription-diet|https://screenmag.com/hills-pet-nutrition-and-vml-launch-veterinary-focused-try-again/|https://www.myvetcandy.com/news/2026/6/9/hills-pet-nutrition-introduces-new-therapeutic-diets-for-pets-with-kidney-disease-and-sensitivities,2026-08-31
CL-HILLS-BIOACTIVE-RECIPE-USA,USA,Pet Nutrition,Pet Nutrition,Dry Dog Food,Hill's Bioactive Recipe,Hill's Pet Nutrition,41.1,reported_segment -> hills_na_share -> country_split -> allocate_category,62.0,38.0,Chewy|Veterinary clinics,24.7|16.5,2.1,5.2,0.63,1.43,https://www.chewy.com/brands/hills-6874,"Functional, bioactive-nutrition positioning within the Hill's science platform.","Low visibility - the line is absent from Hill's 2026 launch communications, so consumer signal is minimal.",Defend: maintain listing; not featured in 2026 innovation disclosures.,n.a. - not featured in 2026 innovation disclosures.,Mixed,Low,https://www.chewy.com/brands/hills-6874|https://www.hillspet.com/about-us/press-releases/hills-pet-nutrition-unveils-prescription-diet-onc-care,2026-08-31
CL-HILLS-HEALTHY-ADVANTAGE-USA,USA,Pet Nutrition,Pet Nutrition,Dry Dog Food,Hill's Healthy Advantage,Hill's Pet Nutrition,26.5,reported_segment -> hills_na_share -> country_split -> allocate_category,62.0,38.0,Veterinary clinics|Chewy,17.2|9.3,1.2,4.5,0.4,0.92,https://www.chewy.com/brands/hills-6874,Vet-channel everyday wellness nutrition inside the Hill's science platform.,Low visibility; no consumer review base surfaced in the research.,Defend: vet-channel maintenance line.,n.a.,Mixed,Low,https://www.chewy.com/brands/hills-6874,2026-08-31
CL-PRIME100-USA,USA,Pet Nutrition,Pet Nutrition,Wet Dog Food,Prime100,,11.5,reported_segment -> hills_na_share -> country_split -> allocate_category,62.0,38.0,Select pet specialty (north-east)|Prime100 DTC,6.9|4.6,0.7,6.5,0.18,0.4,https://prime100.com/,"Single-protein, fresh-never-frozen, vet-and-nutritionist-designed diets, ""proudly made in the USA"".","Early-stage US credibility built on veterinary-specialist design, but supply is constrained with salmon production paused.",Win: act as the technology platform for Hill's US fresh entry while expanding its own pet-specialty footprint.,SPD Fresh Rolls in five proteins; fresh-never-frozen manufacturing.,Mixed,Low,https://prime100.com/pages/faq|https://prime100.com/pages/where-to-buy|https://www.investing.com/news/company-news/colgatepalmolive-q2-2026-slides-strong-results-fuel-raised-guidance-93CH-4828636,2026-08-31
CL-ELTAMD-USA,USA,"Oral, Personal and Home Care",Skin Care,Sun Care & SPF,EltaMD,,209.2,reported_division -> country_split -> category_weight -> allocate_category,52.0,48.0,Dermstore|Amazon|EltaMD DTC|Physician/professional channel,66.9|58.6|41.8|41.8,29.8,14.2,3.19,71.28,https://eltamd.com/,"""Derm Difference"" and National Dermatologist Day advocacy, anchored on dermatologist endorsement.","Among the strongest sentiment in the portfolio - UV Clear carries 42,034 reviews and independent reviewers rank it top of category.",Win: clinical-proof storytelling behind UV Clear (65% blemish and 61% oil reduction at 12 weeks).,Acne/oil-control efficacy claims for UV Clear and continued professional-channel skin-health expansion.,Mixed,Medium,https://eltamd.com/|https://www.prnewswire.com/news-releases/eltamd-commemorates-second-annual-dermatologist-day-with-the-launch-of-derm-difference-campaign-to-empower-consumers-with-expert-insights-302400611.html|https://www.dermstore.com/c/brands/eltamd/|https://www.investing.com/news/company-news/colgatepalmolive-q2-2026-slides-strong-results-fuel-raised-guidance-93CH-4828636,2026-08-31
CL-PCA-SKIN-USA,USA,"Oral, Personal and Home Care",Skin Care,Professional & Clinical,PCA SKIN,,82.9,reported_division -> country_split -> category_weight -> allocate_category,52.0,48.0,Target|PCA SKIN DTC|Esthetician/professional channel,29.0|24.9|29.0,10.7,13.0,1.27,28.25,https://www.pcaskin.com/about,Professional/esthetician authority and results-driven medical-grade skincare.,"Positive but thin consumer review base; credibility carried by professional endorsement, with 1M+ peels performed annually.",Win: life-stage skin health - MGF Age Renewal Cream for estrogen-depleted skin featured in Q2 2026 materials.,Menopause/estrogen-depleted skin (MGF Age Renewal Cream) and the professional peel portfolio.,Mixed,Medium,https://www.target.com/b/pca-skin/-/N-q643le2xlpu|https://www.pcaskin.com/about|https://www.investing.com/news/company-news/colgatepalmolive-q2-2026-slides-strong-results-fuel-raised-guidance-93CH-4828636,2026-08-31
CL-FILORGA-USA,USA,"Oral, Personal and Home Care",Skin Care,Serums & Treatments,Filorga,,1.4,reported_division -> country_split -> category_weight -> allocate_category,52.0,48.0,Exclusive Beauty Club (third-party e-tailer),1.4,0.1,5.2,0.02,0.48,https://us.filorga.com/,NCEF-concentrated multi-correcting skincare and antioxidant serums.,"Positive where distributed, but the US order stoppage on us.filorga.com is a live availability risk to brand perception.","Defend: stabilise US route to market; earnings skin-health narrative centres on EltaMD and PCA SKIN, not Filorga.",n.a. - no 2026 North America innovation disclosed.,Mixed,Low,https://us.filorga.com/|https://www.investing.com/news/company-news/colgatepalmolive-q2-2026-slides-strong-results-fuel-raised-guidance-93CH-4828636,2026-08-31
